<?xml version="1.0" encoding="UTF-8" ?>
<!-- This is a WordPress eXtended RSS file generated by WordPress as an export of your site. -->
<!-- It contains information about your site's posts, pages, comments, categories, and other content. -->
<!-- You may use this file to transfer that content from one site to another. -->
<!-- This file is not intended to serve as a complete backup of your site. -->

<!-- To import this information into a WordPress site follow these steps: -->
<!-- 1. Log in to that site as an administrator. -->
<!-- 2. Go to Tools: Import in the WordPress admin panel. -->
<!-- 3. Install the "WordPress" importer from the list. -->
<!-- 4. Activate & Run Importer. -->
<!-- 5. Upload this file using the form provided on that page. -->
<!-- 6. You will first be asked to map the authors in this export file to users -->
<!--    on the site. For each author, you may choose to map to an -->
<!--    existing user on the site or to create a new user. -->
<!-- 7. WordPress will then import each of the posts, pages, comments, categories, etc. -->
<!--    contained in this file into your site. -->

	<!-- generator="WordPress/6.4.3" created="2024-02-13 02:28" -->
<rss version="2.0"
	xmlns:excerpt="http://wordpress.org/export/1.2/excerpt/"
	xmlns:content="http://purl.org/rss/1.0/modules/content/"
	xmlns:wfw="http://wellformedweb.org/CommentAPI/"
	xmlns:dc="http://purl.org/dc/elements/1.1/"
	xmlns:wp="http://wordpress.org/export/1.2/"
>

<channel>
	<title>CMS Class 2024</title>
	<link>http://localhost/wordpress/wordpress</link>
	<description></description>
	<pubDate>Tue, 13 Feb 2024 02:28:26 +0000</pubDate>
	<language>en-US</language>
	<wp:wxr_version>1.2</wp:wxr_version>
	<wp:base_site_url>http://localhost/wordpress/wordpress</wp:base_site_url>
	<wp:base_blog_url>http://localhost/wordpress/wordpress</wp:base_blog_url>

		<wp:author><wp:author_id>1</wp:author_id><wp:author_login><![CDATA[alish]]></wp:author_login><wp:author_email><![CDATA[leathheal@gmail.com]]></wp:author_email><wp:author_display_name><![CDATA[alish]]></wp:author_display_name><wp:author_first_name><![CDATA[]]></wp:author_first_name><wp:author_last_name><![CDATA[]]></wp:author_last_name></wp:author>

		<wp:category>
		<wp:term_id>6</wp:term_id>
		<wp:category_nicename><![CDATA[futuregoals]]></wp:category_nicename>
		<wp:category_parent><![CDATA[]]></wp:category_parent>
		<wp:cat_name><![CDATA[Future Goals]]></wp:cat_name>
<wp:category_description><![CDATA[These are my goals for the future]]></wp:category_description>
	</wp:category>
		<wp:category>
		<wp:term_id>5</wp:term_id>
		<wp:category_nicename><![CDATA[projects]]></wp:category_nicename>
		<wp:category_parent><![CDATA[]]></wp:category_parent>
		<wp:cat_name><![CDATA[Projects]]></wp:cat_name>
<wp:category_description><![CDATA[These are the projects/assignments I am proud of.]]></wp:category_description>
	</wp:category>
		<wp:category>
		<wp:term_id>4</wp:term_id>
		<wp:category_nicename><![CDATA[skills]]></wp:category_nicename>
		<wp:category_parent><![CDATA[]]></wp:category_parent>
		<wp:cat_name><![CDATA[Skills]]></wp:cat_name>
<wp:category_description><![CDATA[These are the various skills I've gained through out this programme.]]></wp:category_description>
	</wp:category>
		<wp:category>
		<wp:term_id>1</wp:term_id>
		<wp:category_nicename><![CDATA[uncategorized]]></wp:category_nicename>
		<wp:category_parent><![CDATA[]]></wp:category_parent>
		<wp:cat_name><![CDATA[Uncategorized]]></wp:cat_name>
	</wp:category>
				
	<generator>https://wordpress.org/?v=6.4.3</generator>

		<item>
		<title><![CDATA[Sample Page]]></title>
		<link>http://localhost/wordpress/wordpress/?page_id=2</link>
		<pubDate>Mon, 08 Jan 2024 18:05:22 +0000</pubDate>
		<dc:creator><![CDATA[alish]]></dc:creator>
		<guid isPermaLink="false">http://localhost/wordpress/wordpress/?page_id=2</guid>
		<description></description>
		<content:encoded><![CDATA[<!-- wp:paragraph -->
<p>This is an example page. It's different from a blog post because it will stay in one place and will show up in your site navigation (in most themes). Most people start with an About page that introduces them to potential site visitors. It might say something like this:</p>
<!-- /wp:paragraph -->

<!-- wp:quote -->
<blockquote class="wp-block-quote"><p>Hi there! I'm a bike messenger by day, aspiring actor by night, and this is my website. I live in Los Angeles, have a great dog named Jack, and I like pi&#241;a coladas. (And gettin' caught in the rain.)</p></blockquote>
<!-- /wp:quote -->

<!-- wp:paragraph -->
<p>...or something like this:</p>
<!-- /wp:paragraph -->

<!-- wp:quote -->
<blockquote class="wp-block-quote"><p>The XYZ Doohickey Company was founded in 1971, and has been providing quality doohickeys to the public ever since. Located in Gotham City, XYZ employs over 2,000 people and does all kinds of awesome things for the Gotham community.</p></blockquote>
<!-- /wp:quote -->

<!-- wp:paragraph -->
<p>As a new WordPress user, you should go to <a href="http://localhost/wordpress/wordpress/wp-admin/">your dashboard</a> to delete this page and create new pages for your content. Have fun!</p>
<!-- /wp:paragraph -->]]></content:encoded>
		<excerpt:encoded><![CDATA[]]></excerpt:encoded>
		<wp:post_id>2</wp:post_id>
		<wp:post_date><![CDATA[2024-01-08 18:05:22]]></wp:post_date>
		<wp:post_date_gmt><![CDATA[2024-01-08 18:05:22]]></wp:post_date_gmt>
		<wp:post_modified><![CDATA[2024-02-12 19:58:02]]></wp:post_modified>
		<wp:post_modified_gmt><![CDATA[2024-02-12 19:58:02]]></wp:post_modified_gmt>
		<wp:comment_status><![CDATA[closed]]></wp:comment_status>
		<wp:ping_status><![CDATA[open]]></wp:ping_status>
		<wp:post_name><![CDATA[sample-page__trashed]]></wp:post_name>
		<wp:status><![CDATA[trash]]></wp:status>
		<wp:post_parent>0</wp:post_parent>
		<wp:menu_order>0</wp:menu_order>
		<wp:post_type><![CDATA[page]]></wp:post_type>
		<wp:post_password><![CDATA[]]></wp:post_password>
		<wp:is_sticky>0</wp:is_sticky>
														<wp:postmeta>
		<wp:meta_key><![CDATA[_wp_page_template]]></wp:meta_key>
		<wp:meta_value><![CDATA[default]]></wp:meta_value>
		</wp:postmeta>
							<wp:postmeta>
		<wp:meta_key><![CDATA[_wp_trash_meta_status]]></wp:meta_key>
		<wp:meta_value><![CDATA[publish]]></wp:meta_value>
		</wp:postmeta>
							<wp:postmeta>
		<wp:meta_key><![CDATA[_wp_trash_meta_time]]></wp:meta_key>
		<wp:meta_value><![CDATA[1707767882]]></wp:meta_value>
		</wp:postmeta>
							<wp:postmeta>
		<wp:meta_key><![CDATA[_wp_desired_post_slug]]></wp:meta_key>
		<wp:meta_value><![CDATA[sample-page]]></wp:meta_value>
		</wp:postmeta>
							</item>
					<item>
		<title><![CDATA[Privacy Policy]]></title>
		<link>http://localhost/wordpress/wordpress/?page_id=3</link>
		<pubDate>Mon, 08 Jan 2024 18:05:22 +0000</pubDate>
		<dc:creator><![CDATA[alish]]></dc:creator>
		<guid isPermaLink="false">http://localhost/wordpress/wordpress/?page_id=3</guid>
		<description></description>
		<content:encoded><![CDATA[<!-- wp:heading --><h2>Who we are</h2><!-- /wp:heading --><!-- wp:paragraph --><p><strong class="privacy-policy-tutorial">Suggested text: </strong>Our website address is: http://localhost/wordpress/wordpress.</p><!-- /wp:paragraph --><!-- wp:heading --><h2>Comments</h2><!-- /wp:heading --><!-- wp:paragraph --><p><strong class="privacy-policy-tutorial">Suggested text: </strong>When visitors leave comments on the site we collect the data shown in the comments form, and also the visitor&#8217;s IP address and browser user agent string to help spam detection.</p><!-- /wp:paragraph --><!-- wp:paragraph --><p>An anonymized string created from your email address (also called a hash) may be provided to the Gravatar service to see if you are using it. The Gravatar service privacy policy is available here: https://automattic.com/privacy/. After approval of your comment, your profile picture is visible to the public in the context of your comment.</p><!-- /wp:paragraph --><!-- wp:heading --><h2>Media</h2><!-- /wp:heading --><!-- wp:paragraph --><p><strong class="privacy-policy-tutorial">Suggested text: </strong>If you upload images to the website, you should avoid uploading images with embedded location data (EXIF GPS) included. Visitors to the website can download and extract any location data from images on the website.</p><!-- /wp:paragraph --><!-- wp:heading --><h2>Cookies</h2><!-- /wp:heading --><!-- wp:paragraph --><p><strong class="privacy-policy-tutorial">Suggested text: </strong>If you leave a comment on our site you may opt-in to saving your name, email address and website in cookies. These are for your convenience so that you do not have to fill in your details again when you leave another comment. These cookies will last for one year.</p><!-- /wp:paragraph --><!-- wp:paragraph --><p>If you visit our login page, we will set a temporary cookie to determine if your browser accepts cookies. This cookie contains no personal data and is discarded when you close your browser.</p><!-- /wp:paragraph --><!-- wp:paragraph --><p>When you log in, we will also set up several cookies to save your login information and your screen display choices. Login cookies last for two days, and screen options cookies last for a year. If you select &quot;Remember Me&quot;, your login will persist for two weeks. If you log out of your account, the login cookies will be removed.</p><!-- /wp:paragraph --><!-- wp:paragraph --><p>If you edit or publish an article, an additional cookie will be saved in your browser. This cookie includes no personal data and simply indicates the post ID of the article you just edited. It expires after 1 day.</p><!-- /wp:paragraph --><!-- wp:heading --><h2>Embedded content from other websites</h2><!-- /wp:heading --><!-- wp:paragraph --><p><strong class="privacy-policy-tutorial">Suggested text: </strong>Articles on this site may include embedded content (e.g. videos, images, articles, etc.). Embedded content from other websites behaves in the exact same way as if the visitor has visited the other website.</p><!-- /wp:paragraph --><!-- wp:paragraph --><p>These websites may collect data about you, use cookies, embed additional third-party tracking, and monitor your interaction with that embedded content, including tracking your interaction with the embedded content if you have an account and are logged in to that website.</p><!-- /wp:paragraph --><!-- wp:heading --><h2>Who we share your data with</h2><!-- /wp:heading --><!-- wp:paragraph --><p><strong class="privacy-policy-tutorial">Suggested text: </strong>If you request a password reset, your IP address will be included in the reset email.</p><!-- /wp:paragraph --><!-- wp:heading --><h2>How long we retain your data</h2><!-- /wp:heading --><!-- wp:paragraph --><p><strong class="privacy-policy-tutorial">Suggested text: </strong>If you leave a comment, the comment and its metadata are retained indefinitely. This is so we can recognize and approve any follow-up comments automatically instead of holding them in a moderation queue.</p><!-- /wp:paragraph --><!-- wp:paragraph --><p>For users that register on our website (if any), we also store the personal information they provide in their user profile. All users can see, edit, or delete their personal information at any time (except they cannot change their username). Website administrators can also see and edit that information.</p><!-- /wp:paragraph --><!-- wp:heading --><h2>What rights you have over your data</h2><!-- /wp:heading --><!-- wp:paragraph --><p><strong class="privacy-policy-tutorial">Suggested text: </strong>If you have an account on this site, or have left comments, you can request to receive an exported file of the personal data we hold about you, including any data you have provided to us. You can also request that we erase any personal data we hold about you. This does not include any data we are obliged to keep for administrative, legal, or security purposes.</p><!-- /wp:paragraph --><!-- wp:heading --><h2>Where your data is sent</h2><!-- /wp:heading --><!-- wp:paragraph --><p><strong class="privacy-policy-tutorial">Suggested text: </strong>Visitor comments may be checked through an automated spam detection service.</p><!-- /wp:paragraph -->]]></content:encoded>
		<excerpt:encoded><![CDATA[]]></excerpt:encoded>
		<wp:post_id>3</wp:post_id>
		<wp:post_date><![CDATA[2024-01-08 18:05:22]]></wp:post_date>
		<wp:post_date_gmt><![CDATA[2024-01-08 18:05:22]]></wp:post_date_gmt>
		<wp:post_modified><![CDATA[2024-02-12 19:58:02]]></wp:post_modified>
		<wp:post_modified_gmt><![CDATA[2024-02-12 19:58:02]]></wp:post_modified_gmt>
		<wp:comment_status><![CDATA[closed]]></wp:comment_status>
		<wp:ping_status><![CDATA[open]]></wp:ping_status>
		<wp:post_name><![CDATA[privacy-policy__trashed]]></wp:post_name>
		<wp:status><![CDATA[trash]]></wp:status>
		<wp:post_parent>0</wp:post_parent>
		<wp:menu_order>0</wp:menu_order>
		<wp:post_type><![CDATA[page]]></wp:post_type>
		<wp:post_password><![CDATA[]]></wp:post_password>
		<wp:is_sticky>0</wp:is_sticky>
														<wp:postmeta>
		<wp:meta_key><![CDATA[_wp_page_template]]></wp:meta_key>
		<wp:meta_value><![CDATA[default]]></wp:meta_value>
		</wp:postmeta>
							<wp:postmeta>
		<wp:meta_key><![CDATA[_wp_suggested_privacy_policy_content]]></wp:meta_key>
		<wp:meta_value><![CDATA[a:3:{s:11:"plugin_name";s:9:"WordPress";s:11:"policy_text";s:4255:"<h2>Who we are</h2><p><strong class="privacy-policy-tutorial">Suggested text: </strong>Our website address is: http://localhost/wordpress/wordpress.</p><h2>Comments</h2><p><strong class="privacy-policy-tutorial">Suggested text: </strong>When visitors leave comments on the site we collect the data shown in the comments form, and also the visitor&#8217;s IP address and browser user agent string to help spam detection.</p><p>An anonymized string created from your email address (also called a hash) may be provided to the Gravatar service to see if you are using it. The Gravatar service privacy policy is available here: https://automattic.com/privacy/. After approval of your comment, your profile picture is visible to the public in the context of your comment.</p><h2>Media</h2><p><strong class="privacy-policy-tutorial">Suggested text: </strong>If you upload images to the website, you should avoid uploading images with embedded location data (EXIF GPS) included. Visitors to the website can download and extract any location data from images on the website.</p><h2>Cookies</h2><p><strong class="privacy-policy-tutorial">Suggested text: </strong>If you leave a comment on our site you may opt-in to saving your name, email address and website in cookies. These are for your convenience so that you do not have to fill in your details again when you leave another comment. These cookies will last for one year.</p><p>If you visit our login page, we will set a temporary cookie to determine if your browser accepts cookies. This cookie contains no personal data and is discarded when you close your browser.</p><p>When you log in, we will also set up several cookies to save your login information and your screen display choices. Login cookies last for two days, and screen options cookies last for a year. If you select &quot;Remember Me&quot;, your login will persist for two weeks. If you log out of your account, the login cookies will be removed.</p><p>If you edit or publish an article, an additional cookie will be saved in your browser. This cookie includes no personal data and simply indicates the post ID of the article you just edited. It expires after 1 day.</p><h2>Embedded content from other websites</h2><p><strong class="privacy-policy-tutorial">Suggested text: </strong>Articles on this site may include embedded content (e.g. videos, images, articles, etc.). Embedded content from other websites behaves in the exact same way as if the visitor has visited the other website.</p><p>These websites may collect data about you, use cookies, embed additional third-party tracking, and monitor your interaction with that embedded content, including tracking your interaction with the embedded content if you have an account and are logged in to that website.</p><h2>Who we share your data with</h2><p><strong class="privacy-policy-tutorial">Suggested text: </strong>If you request a password reset, your IP address will be included in the reset email.</p><h2>How long we retain your data</h2><p><strong class="privacy-policy-tutorial">Suggested text: </strong>If you leave a comment, the comment and its metadata are retained indefinitely. This is so we can recognize and approve any follow-up comments automatically instead of holding them in a moderation queue.</p><p>For users that register on our website (if any), we also store the personal information they provide in their user profile. All users can see, edit, or delete their personal information at any time (except they cannot change their username). Website administrators can also see and edit that information.</p><h2>What rights you have over your data</h2><p><strong class="privacy-policy-tutorial">Suggested text: </strong>If you have an account on this site, or have left comments, you can request to receive an exported file of the personal data we hold about you, including any data you have provided to us. You can also request that we erase any personal data we hold about you. This does not include any data we are obliged to keep for administrative, legal, or security purposes.</p><h2>Where your data is sent</h2><p><strong class="privacy-policy-tutorial">Suggested text: </strong>Visitor comments may be checked through an automated spam detection service.</p>";s:5:"added";i:1704738071;}]]></wp:meta_value>
		</wp:postmeta>
							<wp:postmeta>
		<wp:meta_key><![CDATA[_wp_trash_meta_status]]></wp:meta_key>
		<wp:meta_value><![CDATA[draft]]></wp:meta_value>
		</wp:postmeta>
							<wp:postmeta>
		<wp:meta_key><![CDATA[_wp_trash_meta_time]]></wp:meta_key>
		<wp:meta_value><![CDATA[1707767882]]></wp:meta_value>
		</wp:postmeta>
							<wp:postmeta>
		<wp:meta_key><![CDATA[_wp_desired_post_slug]]></wp:meta_key>
		<wp:meta_value><![CDATA[privacy-policy]]></wp:meta_value>
		</wp:postmeta>
							</item>
					<item>
		<title><![CDATA[Homepage]]></title>
		<link>http://localhost/wordpress/wordpress/?post_type=acf-field-group&#038;p=14</link>
		<pubDate>Mon, 15 Jan 2024 19:00:40 +0000</pubDate>
		<dc:creator><![CDATA[alish]]></dc:creator>
		<guid isPermaLink="false">http://localhost/wordpress/wordpress/?post_type=acf-field-group&#038;p=14</guid>
		<description></description>
		<content:encoded><![CDATA[a:8:{s:8:"location";a:1:{i:0;a:1:{i:0;a:3:{s:5:"param";s:4:"page";s:8:"operator";s:2:"==";s:5:"value";s:1:"9";}}}s:8:"position";s:6:"normal";s:5:"style";s:7:"default";s:15:"label_placement";s:3:"top";s:21:"instruction_placement";s:5:"label";s:14:"hide_on_screen";s:0:"";s:11:"description";s:0:"";s:12:"show_in_rest";i:0;}]]></content:encoded>
		<excerpt:encoded><![CDATA[homepage]]></excerpt:encoded>
		<wp:post_id>14</wp:post_id>
		<wp:post_date><![CDATA[2024-01-15 19:00:40]]></wp:post_date>
		<wp:post_date_gmt><![CDATA[2024-01-15 19:00:40]]></wp:post_date_gmt>
		<wp:post_modified><![CDATA[2024-01-15 19:02:29]]></wp:post_modified>
		<wp:post_modified_gmt><![CDATA[2024-01-15 19:02:29]]></wp:post_modified_gmt>
		<wp:comment_status><![CDATA[closed]]></wp:comment_status>
		<wp:ping_status><![CDATA[closed]]></wp:ping_status>
		<wp:post_name><![CDATA[group_65a5803af225c]]></wp:post_name>
		<wp:status><![CDATA[publish]]></wp:status>
		<wp:post_parent>0</wp:post_parent>
		<wp:menu_order>0</wp:menu_order>
		<wp:post_type><![CDATA[acf-field-group]]></wp:post_type>
		<wp:post_password><![CDATA[]]></wp:post_password>
		<wp:is_sticky>0</wp:is_sticky>
														<wp:postmeta>
		<wp:meta_key><![CDATA[_edit_last]]></wp:meta_key>
		<wp:meta_value><![CDATA[1]]></wp:meta_value>
		</wp:postmeta>
							</item>
					<item>
		<title><![CDATA[Masthead]]></title>
		<link>http://localhost/wordpress/wordpress/?post_type=acf-field&#038;p=15</link>
		<pubDate>Mon, 15 Jan 2024 19:00:40 +0000</pubDate>
		<dc:creator><![CDATA[alish]]></dc:creator>
		<guid isPermaLink="false">http://localhost/wordpress/wordpress/?post_type=acf-field&#038;p=15</guid>
		<description></description>
		<content:encoded><![CDATA[a:8:{s:10:"aria-label";s:0:"";s:4:"type";s:3:"tab";s:12:"instructions";s:0:"";s:8:"required";i:0;s:17:"conditional_logic";i:0;s:7:"wrapper";a:3:{s:5:"width";s:0:"";s:5:"class";s:0:"";s:2:"id";s:0:"";}s:9:"placement";s:3:"top";s:8:"endpoint";i:0;}]]></content:encoded>
		<excerpt:encoded><![CDATA[]]></excerpt:encoded>
		<wp:post_id>15</wp:post_id>
		<wp:post_date><![CDATA[2024-01-15 19:00:40]]></wp:post_date>
		<wp:post_date_gmt><![CDATA[2024-01-15 19:00:40]]></wp:post_date_gmt>
		<wp:post_modified><![CDATA[2024-01-15 19:02:29]]></wp:post_modified>
		<wp:post_modified_gmt><![CDATA[2024-01-15 19:02:29]]></wp:post_modified_gmt>
		<wp:comment_status><![CDATA[closed]]></wp:comment_status>
		<wp:ping_status><![CDATA[closed]]></wp:ping_status>
		<wp:post_name><![CDATA[field_65a5803b11cec]]></wp:post_name>
		<wp:status><![CDATA[publish]]></wp:status>
		<wp:post_parent>14</wp:post_parent>
		<wp:menu_order>0</wp:menu_order>
		<wp:post_type><![CDATA[acf-field]]></wp:post_type>
		<wp:post_password><![CDATA[]]></wp:post_password>
		<wp:is_sticky>0</wp:is_sticky>
														</item>
					<item>
		<title><![CDATA[Masthead Image]]></title>
		<link>http://localhost/wordpress/wordpress/?post_type=acf-field&#038;p=16</link>
		<pubDate>Mon, 15 Jan 2024 19:00:40 +0000</pubDate>
		<dc:creator><![CDATA[alish]]></dc:creator>
		<guid isPermaLink="false">http://localhost/wordpress/wordpress/?post_type=acf-field&#038;p=16</guid>
		<description></description>
		<content:encoded><![CDATA[a:16:{s:10:"aria-label";s:0:"";s:4:"type";s:5:"image";s:12:"instructions";s:0:"";s:8:"required";i:0;s:17:"conditional_logic";i:0;s:7:"wrapper";a:3:{s:5:"width";s:0:"";s:5:"class";s:0:"";s:2:"id";s:0:"";}s:13:"return_format";s:3:"url";s:7:"library";s:3:"all";s:9:"min_width";s:0:"";s:10:"min_height";s:0:"";s:8:"min_size";s:0:"";s:9:"max_width";s:0:"";s:10:"max_height";s:0:"";s:8:"max_size";s:0:"";s:10:"mime_types";s:0:"";s:12:"preview_size";s:6:"medium";}]]></content:encoded>
		<excerpt:encoded><![CDATA[masthead_image]]></excerpt:encoded>
		<wp:post_id>16</wp:post_id>
		<wp:post_date><![CDATA[2024-01-15 19:00:40]]></wp:post_date>
		<wp:post_date_gmt><![CDATA[2024-01-15 19:00:40]]></wp:post_date_gmt>
		<wp:post_modified><![CDATA[2024-01-15 19:02:29]]></wp:post_modified>
		<wp:post_modified_gmt><![CDATA[2024-01-15 19:02:29]]></wp:post_modified_gmt>
		<wp:comment_status><![CDATA[closed]]></wp:comment_status>
		<wp:ping_status><![CDATA[closed]]></wp:ping_status>
		<wp:post_name><![CDATA[field_65a580bf11ced]]></wp:post_name>
		<wp:status><![CDATA[publish]]></wp:status>
		<wp:post_parent>14</wp:post_parent>
		<wp:menu_order>1</wp:menu_order>
		<wp:post_type><![CDATA[acf-field]]></wp:post_type>
		<wp:post_password><![CDATA[]]></wp:post_password>
		<wp:is_sticky>0</wp:is_sticky>
														</item>
					<item>
		<title><![CDATA[Masthead Title]]></title>
		<link>http://localhost/wordpress/wordpress/?post_type=acf-field&#038;p=17</link>
		<pubDate>Mon, 15 Jan 2024 19:02:29 +0000</pubDate>
		<dc:creator><![CDATA[alish]]></dc:creator>
		<guid isPermaLink="false">http://localhost/wordpress/wordpress/?post_type=acf-field&#038;p=17</guid>
		<description></description>
		<content:encoded><![CDATA[a:11:{s:10:"aria-label";s:0:"";s:4:"type";s:4:"text";s:12:"instructions";s:0:"";s:8:"required";i:0;s:17:"conditional_logic";i:0;s:7:"wrapper";a:3:{s:5:"width";s:0:"";s:5:"class";s:0:"";s:2:"id";s:0:"";}s:13:"default_value";s:0:"";s:9:"maxlength";s:0:"";s:11:"placeholder";s:0:"";s:7:"prepend";s:0:"";s:6:"append";s:0:"";}]]></content:encoded>
		<excerpt:encoded><![CDATA[masthead_title]]></excerpt:encoded>
		<wp:post_id>17</wp:post_id>
		<wp:post_date><![CDATA[2024-01-15 19:02:29]]></wp:post_date>
		<wp:post_date_gmt><![CDATA[2024-01-15 19:02:29]]></wp:post_date_gmt>
		<wp:post_modified><![CDATA[2024-01-15 19:02:29]]></wp:post_modified>
		<wp:post_modified_gmt><![CDATA[2024-01-15 19:02:29]]></wp:post_modified_gmt>
		<wp:comment_status><![CDATA[closed]]></wp:comment_status>
		<wp:ping_status><![CDATA[closed]]></wp:ping_status>
		<wp:post_name><![CDATA[field_65a58108e3587]]></wp:post_name>
		<wp:status><![CDATA[publish]]></wp:status>
		<wp:post_parent>14</wp:post_parent>
		<wp:menu_order>2</wp:menu_order>
		<wp:post_type><![CDATA[acf-field]]></wp:post_type>
		<wp:post_password><![CDATA[]]></wp:post_password>
		<wp:is_sticky>0</wp:is_sticky>
														</item>
					<item>
		<title><![CDATA[colecovision]]></title>
		<link>http://localhost/wordpress/wordpress/colecovision/</link>
		<pubDate>Sat, 27 Jan 2024 03:24:57 +0000</pubDate>
		<dc:creator><![CDATA[alish]]></dc:creator>
		<guid isPermaLink="false">http://localhost/wordpress/wordpress/wp-content/uploads/2024/01/colecovision.jpg</guid>
		<description></description>
		<content:encoded><![CDATA[]]></content:encoded>
		<excerpt:encoded><![CDATA[]]></excerpt:encoded>
		<wp:post_id>22</wp:post_id>
		<wp:post_date><![CDATA[2024-01-27 03:24:57]]></wp:post_date>
		<wp:post_date_gmt><![CDATA[2024-01-27 03:24:57]]></wp:post_date_gmt>
		<wp:post_modified><![CDATA[2024-01-27 03:24:57]]></wp:post_modified>
		<wp:post_modified_gmt><![CDATA[2024-01-27 03:24:57]]></wp:post_modified_gmt>
		<wp:comment_status><![CDATA[open]]></wp:comment_status>
		<wp:ping_status><![CDATA[closed]]></wp:ping_status>
		<wp:post_name><![CDATA[colecovision]]></wp:post_name>
		<wp:status><![CDATA[inherit]]></wp:status>
		<wp:post_parent>0</wp:post_parent>
		<wp:menu_order>0</wp:menu_order>
		<wp:post_type><![CDATA[attachment]]></wp:post_type>
		<wp:post_password><![CDATA[]]></wp:post_password>
		<wp:is_sticky>0</wp:is_sticky>
						<wp:attachment_url><![CDATA[http://localhost/wordpress/wordpress/wp-content/uploads/2024/01/colecovision.jpg]]></wp:attachment_url>
											<wp:postmeta>
		<wp:meta_key><![CDATA[_wp_attached_file]]></wp:meta_key>
		<wp:meta_value><![CDATA[2024/01/colecovision.jpg]]></wp:meta_value>
		</wp:postmeta>
							<wp:postmeta>
		<wp:meta_key><![CDATA[_wp_attachment_metadata]]></wp:meta_key>
		<wp:meta_value><![CDATA[a:6:{s:5:"width";i:1200;s:6:"height";i:874;s:4:"file";s:24:"2024/01/colecovision.jpg";s:8:"filesize";i:109630;s:5:"sizes";a:0:{}s:10:"image_meta";a:12:{s:8:"aperture";s:1:"0";s:6:"credit";s:0:"";s:6:"camera";s:0:"";s:7:"caption";s:0:"";s:17:"created_timestamp";s:1:"0";s:9:"copyright";s:0:"";s:12:"focal_length";s:1:"0";s:3:"iso";s:1:"0";s:13:"shutter_speed";s:1:"0";s:5:"title";s:0:"";s:11:"orientation";s:1:"0";s:8:"keywords";a:0:{}}}]]></wp:meta_value>
		</wp:postmeta>
							</item>
					<item>
		<title><![CDATA[logo]]></title>
		<link>http://localhost/wordpress/wordpress/logo/</link>
		<pubDate>Sat, 27 Jan 2024 03:24:58 +0000</pubDate>
		<dc:creator><![CDATA[alish]]></dc:creator>
		<guid isPermaLink="false">http://localhost/wordpress/wordpress/wp-content/uploads/2024/01/logo.png</guid>
		<description></description>
		<content:encoded><![CDATA[]]></content:encoded>
		<excerpt:encoded><![CDATA[]]></excerpt:encoded>
		<wp:post_id>23</wp:post_id>
		<wp:post_date><![CDATA[2024-01-27 03:24:58]]></wp:post_date>
		<wp:post_date_gmt><![CDATA[2024-01-27 03:24:58]]></wp:post_date_gmt>
		<wp:post_modified><![CDATA[2024-01-27 03:24:58]]></wp:post_modified>
		<wp:post_modified_gmt><![CDATA[2024-01-27 03:24:58]]></wp:post_modified_gmt>
		<wp:comment_status><![CDATA[open]]></wp:comment_status>
		<wp:ping_status><![CDATA[closed]]></wp:ping_status>
		<wp:post_name><![CDATA[logo]]></wp:post_name>
		<wp:status><![CDATA[inherit]]></wp:status>
		<wp:post_parent>0</wp:post_parent>
		<wp:menu_order>0</wp:menu_order>
		<wp:post_type><![CDATA[attachment]]></wp:post_type>
		<wp:post_password><![CDATA[]]></wp:post_password>
		<wp:is_sticky>0</wp:is_sticky>
						<wp:attachment_url><![CDATA[http://localhost/wordpress/wordpress/wp-content/uploads/2024/01/logo.png]]></wp:attachment_url>
											<wp:postmeta>
		<wp:meta_key><![CDATA[_wp_attached_file]]></wp:meta_key>
		<wp:meta_value><![CDATA[2024/01/logo.png]]></wp:meta_value>
		</wp:postmeta>
							<wp:postmeta>
		<wp:meta_key><![CDATA[_wp_attachment_metadata]]></wp:meta_key>
		<wp:meta_value><![CDATA[a:6:{s:5:"width";i:999;s:6:"height";i:345;s:4:"file";s:16:"2024/01/logo.png";s:8:"filesize";i:119499;s:5:"sizes";a:0:{}s:10:"image_meta";a:12:{s:8:"aperture";s:1:"0";s:6:"credit";s:0:"";s:6:"camera";s:0:"";s:7:"caption";s:0:"";s:17:"created_timestamp";s:1:"0";s:9:"copyright";s:0:"";s:12:"focal_length";s:1:"0";s:3:"iso";s:1:"0";s:13:"shutter_speed";s:1:"0";s:5:"title";s:0:"";s:11:"orientation";s:1:"0";s:8:"keywords";a:0:{}}}]]></wp:meta_value>
		</wp:postmeta>
							</item>
					<item>
		<title><![CDATA[retro-1]]></title>
		<link>http://localhost/wordpress/wordpress/retro-1/</link>
		<pubDate>Sat, 27 Jan 2024 03:24:58 +0000</pubDate>
		<dc:creator><![CDATA[alish]]></dc:creator>
		<guid isPermaLink="false">http://localhost/wordpress/wordpress/wp-content/uploads/2024/01/retro-1.jpg</guid>
		<description></description>
		<content:encoded><![CDATA[]]></content:encoded>
		<excerpt:encoded><![CDATA[]]></excerpt:encoded>
		<wp:post_id>24</wp:post_id>
		<wp:post_date><![CDATA[2024-01-27 03:24:58]]></wp:post_date>
		<wp:post_date_gmt><![CDATA[2024-01-27 03:24:58]]></wp:post_date_gmt>
		<wp:post_modified><![CDATA[2024-01-27 03:24:58]]></wp:post_modified>
		<wp:post_modified_gmt><![CDATA[2024-01-27 03:24:58]]></wp:post_modified_gmt>
		<wp:comment_status><![CDATA[open]]></wp:comment_status>
		<wp:ping_status><![CDATA[closed]]></wp:ping_status>
		<wp:post_name><![CDATA[retro-1]]></wp:post_name>
		<wp:status><![CDATA[inherit]]></wp:status>
		<wp:post_parent>0</wp:post_parent>
		<wp:menu_order>0</wp:menu_order>
		<wp:post_type><![CDATA[attachment]]></wp:post_type>
		<wp:post_password><![CDATA[]]></wp:post_password>
		<wp:is_sticky>0</wp:is_sticky>
						<wp:attachment_url><![CDATA[http://localhost/wordpress/wordpress/wp-content/uploads/2024/01/retro-1.jpg]]></wp:attachment_url>
											<wp:postmeta>
		<wp:meta_key><![CDATA[_wp_attached_file]]></wp:meta_key>
		<wp:meta_value><![CDATA[2024/01/retro-1.jpg]]></wp:meta_value>
		</wp:postmeta>
							<wp:postmeta>
		<wp:meta_key><![CDATA[_wp_attachment_metadata]]></wp:meta_key>
		<wp:meta_value><![CDATA[a:6:{s:5:"width";i:1200;s:6:"height";i:831;s:4:"file";s:19:"2024/01/retro-1.jpg";s:8:"filesize";i:192265;s:5:"sizes";a:0:{}s:10:"image_meta";a:12:{s:8:"aperture";s:1:"0";s:6:"credit";s:0:"";s:6:"camera";s:0:"";s:7:"caption";s:0:"";s:17:"created_timestamp";s:1:"0";s:9:"copyright";s:0:"";s:12:"focal_length";s:1:"0";s:3:"iso";s:1:"0";s:13:"shutter_speed";s:1:"0";s:5:"title";s:0:"";s:11:"orientation";s:1:"0";s:8:"keywords";a:0:{}}}]]></wp:meta_value>
		</wp:postmeta>
							</item>
					<item>
		<title><![CDATA[retro-2]]></title>
		<link>http://localhost/wordpress/wordpress/retro-2/</link>
		<pubDate>Sat, 27 Jan 2024 03:24:59 +0000</pubDate>
		<dc:creator><![CDATA[alish]]></dc:creator>
		<guid isPermaLink="false">http://localhost/wordpress/wordpress/wp-content/uploads/2024/01/retro-2.jpg</guid>
		<description></description>
		<content:encoded><![CDATA[]]></content:encoded>
		<excerpt:encoded><![CDATA[]]></excerpt:encoded>
		<wp:post_id>25</wp:post_id>
		<wp:post_date><![CDATA[2024-01-27 03:24:59]]></wp:post_date>
		<wp:post_date_gmt><![CDATA[2024-01-27 03:24:59]]></wp:post_date_gmt>
		<wp:post_modified><![CDATA[2024-01-27 03:24:59]]></wp:post_modified>
		<wp:post_modified_gmt><![CDATA[2024-01-27 03:24:59]]></wp:post_modified_gmt>
		<wp:comment_status><![CDATA[open]]></wp:comment_status>
		<wp:ping_status><![CDATA[closed]]></wp:ping_status>
		<wp:post_name><![CDATA[retro-2]]></wp:post_name>
		<wp:status><![CDATA[inherit]]></wp:status>
		<wp:post_parent>0</wp:post_parent>
		<wp:menu_order>0</wp:menu_order>
		<wp:post_type><![CDATA[attachment]]></wp:post_type>
		<wp:post_password><![CDATA[]]></wp:post_password>
		<wp:is_sticky>0</wp:is_sticky>
						<wp:attachment_url><![CDATA[http://localhost/wordpress/wordpress/wp-content/uploads/2024/01/retro-2.jpg]]></wp:attachment_url>
											<wp:postmeta>
		<wp:meta_key><![CDATA[_wp_attached_file]]></wp:meta_key>
		<wp:meta_value><![CDATA[2024/01/retro-2.jpg]]></wp:meta_value>
		</wp:postmeta>
							<wp:postmeta>
		<wp:meta_key><![CDATA[_wp_attachment_metadata]]></wp:meta_key>
		<wp:meta_value><![CDATA[a:6:{s:5:"width";i:1200;s:6:"height";i:1800;s:4:"file";s:19:"2024/01/retro-2.jpg";s:8:"filesize";i:153094;s:5:"sizes";a:0:{}s:10:"image_meta";a:12:{s:8:"aperture";s:1:"0";s:6:"credit";s:0:"";s:6:"camera";s:0:"";s:7:"caption";s:0:"";s:17:"created_timestamp";s:1:"0";s:9:"copyright";s:0:"";s:12:"focal_length";s:1:"0";s:3:"iso";s:1:"0";s:13:"shutter_speed";s:1:"0";s:5:"title";s:0:"";s:11:"orientation";s:1:"0";s:8:"keywords";a:0:{}}}]]></wp:meta_value>
		</wp:postmeta>
							</item>
					<item>
		<title><![CDATA[retro-3]]></title>
		<link>http://localhost/wordpress/wordpress/retro-3/</link>
		<pubDate>Sat, 27 Jan 2024 03:24:59 +0000</pubDate>
		<dc:creator><![CDATA[alish]]></dc:creator>
		<guid isPermaLink="false">http://localhost/wordpress/wordpress/wp-content/uploads/2024/01/retro-3.jpg</guid>
		<description></description>
		<content:encoded><![CDATA[]]></content:encoded>
		<excerpt:encoded><![CDATA[]]></excerpt:encoded>
		<wp:post_id>26</wp:post_id>
		<wp:post_date><![CDATA[2024-01-27 03:24:59]]></wp:post_date>
		<wp:post_date_gmt><![CDATA[2024-01-27 03:24:59]]></wp:post_date_gmt>
		<wp:post_modified><![CDATA[2024-01-27 03:24:59]]></wp:post_modified>
		<wp:post_modified_gmt><![CDATA[2024-01-27 03:24:59]]></wp:post_modified_gmt>
		<wp:comment_status><![CDATA[open]]></wp:comment_status>
		<wp:ping_status><![CDATA[closed]]></wp:ping_status>
		<wp:post_name><![CDATA[retro-3]]></wp:post_name>
		<wp:status><![CDATA[inherit]]></wp:status>
		<wp:post_parent>0</wp:post_parent>
		<wp:menu_order>0</wp:menu_order>
		<wp:post_type><![CDATA[attachment]]></wp:post_type>
		<wp:post_password><![CDATA[]]></wp:post_password>
		<wp:is_sticky>0</wp:is_sticky>
						<wp:attachment_url><![CDATA[http://localhost/wordpress/wordpress/wp-content/uploads/2024/01/retro-3.jpg]]></wp:attachment_url>
											<wp:postmeta>
		<wp:meta_key><![CDATA[_wp_attached_file]]></wp:meta_key>
		<wp:meta_value><![CDATA[2024/01/retro-3.jpg]]></wp:meta_value>
		</wp:postmeta>
							<wp:postmeta>
		<wp:meta_key><![CDATA[_wp_attachment_metadata]]></wp:meta_key>
		<wp:meta_value><![CDATA[a:6:{s:5:"width";i:1200;s:6:"height";i:800;s:4:"file";s:19:"2024/01/retro-3.jpg";s:8:"filesize";i:92550;s:5:"sizes";a:0:{}s:10:"image_meta";a:12:{s:8:"aperture";s:1:"0";s:6:"credit";s:0:"";s:6:"camera";s:0:"";s:7:"caption";s:0:"";s:17:"created_timestamp";s:1:"0";s:9:"copyright";s:0:"";s:12:"focal_length";s:1:"0";s:3:"iso";s:1:"0";s:13:"shutter_speed";s:1:"0";s:5:"title";s:0:"";s:11:"orientation";s:1:"0";s:8:"keywords";a:0:{}}}]]></wp:meta_value>
		</wp:postmeta>
							</item>
					<item>
		<title><![CDATA[Classic Homepage]]></title>
		<link>http://localhost/wordpress/wordpress/?page_id=27</link>
		<pubDate>Sat, 27 Jan 2024 03:42:53 +0000</pubDate>
		<dc:creator><![CDATA[alish]]></dc:creator>
		<guid isPermaLink="false">http://localhost/wordpress/wordpress/?page_id=27</guid>
		<description></description>
		<content:encoded><![CDATA[&lt;h1&gt;I am classic editor&lt;/h1&gt;

&lt;section&gt;

&lt;h1&gt;Title&lt;/h1&gt;

&lt;p&gt;Hey this is meeemeemo and i am great aoi mas as./ as &lt;/p&gt;

&nbsp;]]></content:encoded>
		<excerpt:encoded><![CDATA[]]></excerpt:encoded>
		<wp:post_id>27</wp:post_id>
		<wp:post_date><![CDATA[2024-01-27 03:42:53]]></wp:post_date>
		<wp:post_date_gmt><![CDATA[2024-01-27 03:42:53]]></wp:post_date_gmt>
		<wp:post_modified><![CDATA[2024-02-12 19:58:02]]></wp:post_modified>
		<wp:post_modified_gmt><![CDATA[2024-02-12 19:58:02]]></wp:post_modified_gmt>
		<wp:comment_status><![CDATA[closed]]></wp:comment_status>
		<wp:ping_status><![CDATA[closed]]></wp:ping_status>
		<wp:post_name><![CDATA[classic-homepage__trashed]]></wp:post_name>
		<wp:status><![CDATA[trash]]></wp:status>
		<wp:post_parent>0</wp:post_parent>
		<wp:menu_order>0</wp:menu_order>
		<wp:post_type><![CDATA[page]]></wp:post_type>
		<wp:post_password><![CDATA[]]></wp:post_password>
		<wp:is_sticky>0</wp:is_sticky>
														<wp:postmeta>
		<wp:meta_key><![CDATA[_edit_last]]></wp:meta_key>
		<wp:meta_value><![CDATA[1]]></wp:meta_value>
		</wp:postmeta>
							<wp:postmeta>
		<wp:meta_key><![CDATA[_wp_page_template]]></wp:meta_key>
		<wp:meta_value><![CDATA[templates/classic-homepage-template.php]]></wp:meta_value>
		</wp:postmeta>
							<wp:postmeta>
		<wp:meta_key><![CDATA[_wp_trash_meta_status]]></wp:meta_key>
		<wp:meta_value><![CDATA[publish]]></wp:meta_value>
		</wp:postmeta>
							<wp:postmeta>
		<wp:meta_key><![CDATA[_wp_trash_meta_time]]></wp:meta_key>
		<wp:meta_value><![CDATA[1707767882]]></wp:meta_value>
		</wp:postmeta>
							<wp:postmeta>
		<wp:meta_key><![CDATA[_wp_desired_post_slug]]></wp:meta_key>
		<wp:meta_value><![CDATA[classic-homepage]]></wp:meta_value>
		</wp:postmeta>
							</item>
					<item>
		<title><![CDATA[Assignment_HomePage]]></title>
		<link>http://localhost/wordpress/wordpress/?post_type=acf-field-group&#038;p=34</link>
		<pubDate>Mon, 12 Feb 2024 21:16:31 +0000</pubDate>
		<dc:creator><![CDATA[alish]]></dc:creator>
		<guid isPermaLink="false">http://localhost/wordpress/wordpress/?post_type=acf-field-group&#038;p=34</guid>
		<description></description>
		<content:encoded><![CDATA[a:8:{s:8:"location";a:1:{i:0;a:1:{i:0;a:3:{s:5:"param";s:9:"post_type";s:8:"operator";s:2:"==";s:5:"value";s:4:"post";}}}s:8:"position";s:6:"normal";s:5:"style";s:7:"default";s:15:"label_placement";s:3:"top";s:21:"instruction_placement";s:5:"label";s:14:"hide_on_screen";s:0:"";s:11:"description";s:0:"";s:12:"show_in_rest";i:0;}]]></content:encoded>
		<excerpt:encoded><![CDATA[assignment_homepage]]></excerpt:encoded>
		<wp:post_id>34</wp:post_id>
		<wp:post_date><![CDATA[2024-02-12 21:16:31]]></wp:post_date>
		<wp:post_date_gmt><![CDATA[2024-02-12 21:16:31]]></wp:post_date_gmt>
		<wp:post_modified><![CDATA[2024-02-12 21:16:51]]></wp:post_modified>
		<wp:post_modified_gmt><![CDATA[2024-02-12 21:16:51]]></wp:post_modified_gmt>
		<wp:comment_status><![CDATA[closed]]></wp:comment_status>
		<wp:ping_status><![CDATA[closed]]></wp:ping_status>
		<wp:post_name><![CDATA[group_65ca8a97b2d87]]></wp:post_name>
		<wp:status><![CDATA[publish]]></wp:status>
		<wp:post_parent>0</wp:post_parent>
		<wp:menu_order>0</wp:menu_order>
		<wp:post_type><![CDATA[acf-field-group]]></wp:post_type>
		<wp:post_password><![CDATA[]]></wp:post_password>
		<wp:is_sticky>0</wp:is_sticky>
														<wp:postmeta>
		<wp:meta_key><![CDATA[_edit_last]]></wp:meta_key>
		<wp:meta_value><![CDATA[1]]></wp:meta_value>
		</wp:postmeta>
							</item>
					<item>
		<title><![CDATA[HomePage]]></title>
		<link>http://localhost/wordpress/wordpress/?post_type=acf-field&#038;p=35</link>
		<pubDate>Mon, 12 Feb 2024 21:16:31 +0000</pubDate>
		<dc:creator><![CDATA[alish]]></dc:creator>
		<guid isPermaLink="false">http://localhost/wordpress/wordpress/?post_type=acf-field&#038;p=35</guid>
		<description></description>
		<content:encoded><![CDATA[a:11:{s:10:"aria-label";s:0:"";s:4:"type";s:4:"text";s:12:"instructions";s:0:"";s:8:"required";i:0;s:17:"conditional_logic";i:0;s:7:"wrapper";a:3:{s:5:"width";s:0:"";s:5:"class";s:0:"";s:2:"id";s:0:"";}s:13:"default_value";s:0:"";s:9:"maxlength";s:0:"";s:11:"placeholder";s:0:"";s:7:"prepend";s:0:"";s:6:"append";s:0:"";}]]></content:encoded>
		<excerpt:encoded><![CDATA[homepage]]></excerpt:encoded>
		<wp:post_id>35</wp:post_id>
		<wp:post_date><![CDATA[2024-02-12 21:16:31]]></wp:post_date>
		<wp:post_date_gmt><![CDATA[2024-02-12 21:16:31]]></wp:post_date_gmt>
		<wp:post_modified><![CDATA[2024-02-12 21:16:51]]></wp:post_modified>
		<wp:post_modified_gmt><![CDATA[2024-02-12 21:16:51]]></wp:post_modified_gmt>
		<wp:comment_status><![CDATA[closed]]></wp:comment_status>
		<wp:ping_status><![CDATA[closed]]></wp:ping_status>
		<wp:post_name><![CDATA[field_65ca8a9773b34]]></wp:post_name>
		<wp:status><![CDATA[publish]]></wp:status>
		<wp:post_parent>34</wp:post_parent>
		<wp:menu_order>0</wp:menu_order>
		<wp:post_type><![CDATA[acf-field]]></wp:post_type>
		<wp:post_password><![CDATA[]]></wp:post_password>
		<wp:is_sticky>0</wp:is_sticky>
														</item>
					<item>
		<title><![CDATA[Home Page]]></title>
		<link>http://localhost/wordpress/wordpress/?page_id=36</link>
		<pubDate>Mon, 12 Feb 2024 21:18:57 +0000</pubDate>
		<dc:creator><![CDATA[alish]]></dc:creator>
		<guid isPermaLink="false">http://localhost/wordpress/wordpress/?page_id=36</guid>
		<description></description>
		<content:encoded><![CDATA[]]></content:encoded>
		<excerpt:encoded><![CDATA[]]></excerpt:encoded>
		<wp:post_id>36</wp:post_id>
		<wp:post_date><![CDATA[2024-02-12 21:18:57]]></wp:post_date>
		<wp:post_date_gmt><![CDATA[2024-02-12 21:18:57]]></wp:post_date_gmt>
		<wp:post_modified><![CDATA[2024-02-12 22:50:25]]></wp:post_modified>
		<wp:post_modified_gmt><![CDATA[2024-02-12 22:50:25]]></wp:post_modified_gmt>
		<wp:comment_status><![CDATA[closed]]></wp:comment_status>
		<wp:ping_status><![CDATA[closed]]></wp:ping_status>
		<wp:post_name><![CDATA[home-page__trashed]]></wp:post_name>
		<wp:status><![CDATA[trash]]></wp:status>
		<wp:post_parent>0</wp:post_parent>
		<wp:menu_order>0</wp:menu_order>
		<wp:post_type><![CDATA[page]]></wp:post_type>
		<wp:post_password><![CDATA[]]></wp:post_password>
		<wp:is_sticky>0</wp:is_sticky>
														<wp:postmeta>
		<wp:meta_key><![CDATA[_edit_last]]></wp:meta_key>
		<wp:meta_value><![CDATA[1]]></wp:meta_value>
		</wp:postmeta>
							<wp:postmeta>
		<wp:meta_key><![CDATA[_wp_trash_meta_status]]></wp:meta_key>
		<wp:meta_value><![CDATA[publish]]></wp:meta_value>
		</wp:postmeta>
							<wp:postmeta>
		<wp:meta_key><![CDATA[_wp_trash_meta_time]]></wp:meta_key>
		<wp:meta_value><![CDATA[1707778225]]></wp:meta_value>
		</wp:postmeta>
							<wp:postmeta>
		<wp:meta_key><![CDATA[_wp_desired_post_slug]]></wp:meta_key>
		<wp:meta_value><![CDATA[home-page]]></wp:meta_value>
		</wp:postmeta>
							</item>
					<item>
		<title><![CDATA[Skills]]></title>
		<link>http://localhost/wordpress/wordpress/skills/</link>
		<pubDate>Mon, 12 Feb 2024 22:59:50 +0000</pubDate>
		<dc:creator><![CDATA[alish]]></dc:creator>
		<guid isPermaLink="false">http://localhost/wordpress/wordpress/?p=41</guid>
		<description></description>
		<content:encoded><![CDATA[This course IMDW(Interactive Media Design Web) has helped me learn various new things about web-programming. I now have proficiency in HTML, CSS and JavaScript (including frameworks like React, Angular), knowledge of server-side languages such as Node.js, ASP.NET and I also have experience with back-end language like PHP.

I have used two different databases like MYSQL and MongoDB during the course and I have learned about version controls, responsive design, security, Linux, Wordpress and I still have so much more yet to learn.]]></content:encoded>
		<excerpt:encoded><![CDATA[]]></excerpt:encoded>
		<wp:post_id>41</wp:post_id>
		<wp:post_date><![CDATA[2024-02-12 22:59:50]]></wp:post_date>
		<wp:post_date_gmt><![CDATA[2024-02-12 22:59:50]]></wp:post_date_gmt>
		<wp:post_modified><![CDATA[2024-02-12 22:59:50]]></wp:post_modified>
		<wp:post_modified_gmt><![CDATA[2024-02-12 22:59:50]]></wp:post_modified_gmt>
		<wp:comment_status><![CDATA[open]]></wp:comment_status>
		<wp:ping_status><![CDATA[open]]></wp:ping_status>
		<wp:post_name><![CDATA[skills]]></wp:post_name>
		<wp:status><![CDATA[publish]]></wp:status>
		<wp:post_parent>0</wp:post_parent>
		<wp:menu_order>0</wp:menu_order>
		<wp:post_type><![CDATA[post]]></wp:post_type>
		<wp:post_password><![CDATA[]]></wp:post_password>
		<wp:is_sticky>0</wp:is_sticky>
										<category domain="category" nicename="skills"><![CDATA[Skills]]></category>
						<wp:postmeta>
		<wp:meta_key><![CDATA[_edit_last]]></wp:meta_key>
		<wp:meta_value><![CDATA[1]]></wp:meta_value>
		</wp:postmeta>
							<wp:postmeta>
		<wp:meta_key><![CDATA[homepage]]></wp:meta_key>
		<wp:meta_value><![CDATA[]]></wp:meta_value>
		</wp:postmeta>
							<wp:postmeta>
		<wp:meta_key><![CDATA[_homepage]]></wp:meta_key>
		<wp:meta_value><![CDATA[field_65ca8a9773b34]]></wp:meta_value>
		</wp:postmeta>
							</item>
					<item>
		<title><![CDATA[Projects]]></title>
		<link>http://localhost/wordpress/wordpress/projects/</link>
		<pubDate>Mon, 12 Feb 2024 23:12:59 +0000</pubDate>
		<dc:creator><![CDATA[alish]]></dc:creator>
		<guid isPermaLink="false">http://localhost/wordpress/wordpress/?p=43</guid>
		<description></description>
		<content:encoded><![CDATA[I have done many projects and assignments. My favorite one is my portfolio site <a href="https://paifu.onrender.com/">Paifu</a>. I have hosted this on <a href="http://render.com">render</a>. I will also include my other favorite assignments and projects down below.
<h4>1. Paifu:</h4>
<h2><a href="https://paifu.onrender.com/"><img class="wp-image-45 aligncenter" src="http://localhost/wordpress/wordpress/wp-content/uploads/2024/02/Screenshot-2024-02-12-180401.png" alt="web homepage" width="800" height="387" /></a></h2>
&nbsp;
<h4>2. BlendBerry:</h4>
<h2><a href="https://incomparable-hummingbird-a794cb.netlify.app/"><img class="aligncenter wp-image-47" src="http://localhost/wordpress/wordpress/wp-content/uploads/2024/02/Screenshot-2024-02-12-180804.png" alt="Web homepage" width="800" height="386" /></a></h2>
&nbsp;
<h4>3. Sterlingmusic.ca:</h4>
<h2><a href="https://sterlingmusic.ca/"><img class="aligncenter wp-image-48" src="http://localhost/wordpress/wordpress/wp-content/uploads/2024/02/Screenshot-2024-02-12-180921.png" alt="Web Homepage" width="800" height="378" /></a></h2>]]></content:encoded>
		<excerpt:encoded><![CDATA[]]></excerpt:encoded>
		<wp:post_id>43</wp:post_id>
		<wp:post_date><![CDATA[2024-02-12 23:12:59]]></wp:post_date>
		<wp:post_date_gmt><![CDATA[2024-02-12 23:12:59]]></wp:post_date_gmt>
		<wp:post_modified><![CDATA[2024-02-13 00:40:27]]></wp:post_modified>
		<wp:post_modified_gmt><![CDATA[2024-02-13 00:40:27]]></wp:post_modified_gmt>
		<wp:comment_status><![CDATA[open]]></wp:comment_status>
		<wp:ping_status><![CDATA[open]]></wp:ping_status>
		<wp:post_name><![CDATA[projects]]></wp:post_name>
		<wp:status><![CDATA[publish]]></wp:status>
		<wp:post_parent>0</wp:post_parent>
		<wp:menu_order>0</wp:menu_order>
		<wp:post_type><![CDATA[post]]></wp:post_type>
		<wp:post_password><![CDATA[]]></wp:post_password>
		<wp:is_sticky>0</wp:is_sticky>
										<category domain="category" nicename="projects"><![CDATA[Projects]]></category>
						<wp:postmeta>
		<wp:meta_key><![CDATA[_edit_last]]></wp:meta_key>
		<wp:meta_value><![CDATA[1]]></wp:meta_value>
		</wp:postmeta>
							<wp:postmeta>
		<wp:meta_key><![CDATA[homepage]]></wp:meta_key>
		<wp:meta_value><![CDATA[]]></wp:meta_value>
		</wp:postmeta>
							<wp:postmeta>
		<wp:meta_key><![CDATA[_homepage]]></wp:meta_key>
		<wp:meta_value><![CDATA[field_65ca8a9773b34]]></wp:meta_value>
		</wp:postmeta>
							</item>
					<item>
		<title><![CDATA[paifu]]></title>
		<link>http://localhost/wordpress/wordpress/projects/screenshot-2024-02-12-180401/</link>
		<pubDate>Mon, 12 Feb 2024 23:05:31 +0000</pubDate>
		<dc:creator><![CDATA[alish]]></dc:creator>
		<guid isPermaLink="false">http://localhost/wordpress/wordpress/wp-content/uploads/2024/02/Screenshot-2024-02-12-180401.png</guid>
		<description></description>
		<content:encoded><![CDATA[paifu site on render]]></content:encoded>
		<excerpt:encoded><![CDATA[paifu site on render]]></excerpt:encoded>
		<wp:post_id>45</wp:post_id>
		<wp:post_date><![CDATA[2024-02-12 23:05:31]]></wp:post_date>
		<wp:post_date_gmt><![CDATA[2024-02-12 23:05:31]]></wp:post_date_gmt>
		<wp:post_modified><![CDATA[2024-02-12 23:06:42]]></wp:post_modified>
		<wp:post_modified_gmt><![CDATA[2024-02-12 23:06:42]]></wp:post_modified_gmt>
		<wp:comment_status><![CDATA[open]]></wp:comment_status>
		<wp:ping_status><![CDATA[closed]]></wp:ping_status>
		<wp:post_name><![CDATA[screenshot-2024-02-12-180401]]></wp:post_name>
		<wp:status><![CDATA[inherit]]></wp:status>
		<wp:post_parent>43</wp:post_parent>
		<wp:menu_order>0</wp:menu_order>
		<wp:post_type><![CDATA[attachment]]></wp:post_type>
		<wp:post_password><![CDATA[]]></wp:post_password>
		<wp:is_sticky>0</wp:is_sticky>
						<wp:attachment_url><![CDATA[http://localhost/wordpress/wordpress/wp-content/uploads/2024/02/Screenshot-2024-02-12-180401.png]]></wp:attachment_url>
											<wp:postmeta>
		<wp:meta_key><![CDATA[_wp_attached_file]]></wp:meta_key>
		<wp:meta_value><![CDATA[2024/02/Screenshot-2024-02-12-180401.png]]></wp:meta_value>
		</wp:postmeta>
							<wp:postmeta>
		<wp:meta_key><![CDATA[_wp_attachment_metadata]]></wp:meta_key>
		<wp:meta_value><![CDATA[a:6:{s:5:"width";i:1892;s:6:"height";i:915;s:4:"file";s:40:"2024/02/Screenshot-2024-02-12-180401.png";s:8:"filesize";i:171768;s:5:"sizes";a:0:{}s:10:"image_meta";a:12:{s:8:"aperture";s:1:"0";s:6:"credit";s:0:"";s:6:"camera";s:0:"";s:7:"caption";s:0:"";s:17:"created_timestamp";s:1:"0";s:9:"copyright";s:0:"";s:12:"focal_length";s:1:"0";s:3:"iso";s:1:"0";s:13:"shutter_speed";s:1:"0";s:5:"title";s:0:"";s:11:"orientation";s:1:"0";s:8:"keywords";a:0:{}}}]]></wp:meta_value>
		</wp:postmeta>
							<wp:postmeta>
		<wp:meta_key><![CDATA[_wp_attachment_image_alt]]></wp:meta_key>
		<wp:meta_value><![CDATA[web homepage]]></wp:meta_value>
		</wp:postmeta>
							</item>
					<item>
		<title><![CDATA[blendberry]]></title>
		<link>http://localhost/wordpress/wordpress/projects/screenshot-2024-02-12-180804/</link>
		<pubDate>Mon, 12 Feb 2024 23:08:24 +0000</pubDate>
		<dc:creator><![CDATA[alish]]></dc:creator>
		<guid isPermaLink="false">http://localhost/wordpress/wordpress/wp-content/uploads/2024/02/Screenshot-2024-02-12-180804.png</guid>
		<description></description>
		<content:encoded><![CDATA[]]></content:encoded>
		<excerpt:encoded><![CDATA[]]></excerpt:encoded>
		<wp:post_id>47</wp:post_id>
		<wp:post_date><![CDATA[2024-02-12 23:08:24]]></wp:post_date>
		<wp:post_date_gmt><![CDATA[2024-02-12 23:08:24]]></wp:post_date_gmt>
		<wp:post_modified><![CDATA[2024-02-12 23:10:09]]></wp:post_modified>
		<wp:post_modified_gmt><![CDATA[2024-02-12 23:10:09]]></wp:post_modified_gmt>
		<wp:comment_status><![CDATA[open]]></wp:comment_status>
		<wp:ping_status><![CDATA[closed]]></wp:ping_status>
		<wp:post_name><![CDATA[screenshot-2024-02-12-180804]]></wp:post_name>
		<wp:status><![CDATA[inherit]]></wp:status>
		<wp:post_parent>43</wp:post_parent>
		<wp:menu_order>0</wp:menu_order>
		<wp:post_type><![CDATA[attachment]]></wp:post_type>
		<wp:post_password><![CDATA[]]></wp:post_password>
		<wp:is_sticky>0</wp:is_sticky>
						<wp:attachment_url><![CDATA[http://localhost/wordpress/wordpress/wp-content/uploads/2024/02/Screenshot-2024-02-12-180804.png]]></wp:attachment_url>
											<wp:postmeta>
		<wp:meta_key><![CDATA[_wp_attached_file]]></wp:meta_key>
		<wp:meta_value><![CDATA[2024/02/Screenshot-2024-02-12-180804.png]]></wp:meta_value>
		</wp:postmeta>
							<wp:postmeta>
		<wp:meta_key><![CDATA[_wp_attachment_metadata]]></wp:meta_key>
		<wp:meta_value><![CDATA[a:6:{s:5:"width";i:1882;s:6:"height";i:907;s:4:"file";s:40:"2024/02/Screenshot-2024-02-12-180804.png";s:8:"filesize";i:1792334;s:5:"sizes";a:0:{}s:10:"image_meta";a:12:{s:8:"aperture";s:1:"0";s:6:"credit";s:0:"";s:6:"camera";s:0:"";s:7:"caption";s:0:"";s:17:"created_timestamp";s:1:"0";s:9:"copyright";s:0:"";s:12:"focal_length";s:1:"0";s:3:"iso";s:1:"0";s:13:"shutter_speed";s:1:"0";s:5:"title";s:0:"";s:11:"orientation";s:1:"0";s:8:"keywords";a:0:{}}}]]></wp:meta_value>
		</wp:postmeta>
							<wp:postmeta>
		<wp:meta_key><![CDATA[_wp_attachment_image_alt]]></wp:meta_key>
		<wp:meta_value><![CDATA[Web homepage]]></wp:meta_value>
		</wp:postmeta>
							</item>
					<item>
		<title><![CDATA[sterlingmusic]]></title>
		<link>http://localhost/wordpress/wordpress/projects/screenshot-2024-02-12-180921/</link>
		<pubDate>Mon, 12 Feb 2024 23:09:43 +0000</pubDate>
		<dc:creator><![CDATA[alish]]></dc:creator>
		<guid isPermaLink="false">http://localhost/wordpress/wordpress/wp-content/uploads/2024/02/Screenshot-2024-02-12-180921.png</guid>
		<description></description>
		<content:encoded><![CDATA[]]></content:encoded>
		<excerpt:encoded><![CDATA[]]></excerpt:encoded>
		<wp:post_id>48</wp:post_id>
		<wp:post_date><![CDATA[2024-02-12 23:09:43]]></wp:post_date>
		<wp:post_date_gmt><![CDATA[2024-02-12 23:09:43]]></wp:post_date_gmt>
		<wp:post_modified><![CDATA[2024-02-12 23:12:08]]></wp:post_modified>
		<wp:post_modified_gmt><![CDATA[2024-02-12 23:12:08]]></wp:post_modified_gmt>
		<wp:comment_status><![CDATA[open]]></wp:comment_status>
		<wp:ping_status><![CDATA[closed]]></wp:ping_status>
		<wp:post_name><![CDATA[screenshot-2024-02-12-180921]]></wp:post_name>
		<wp:status><![CDATA[inherit]]></wp:status>
		<wp:post_parent>43</wp:post_parent>
		<wp:menu_order>0</wp:menu_order>
		<wp:post_type><![CDATA[attachment]]></wp:post_type>
		<wp:post_password><![CDATA[]]></wp:post_password>
		<wp:is_sticky>0</wp:is_sticky>
						<wp:attachment_url><![CDATA[http://localhost/wordpress/wordpress/wp-content/uploads/2024/02/Screenshot-2024-02-12-180921.png]]></wp:attachment_url>
											<wp:postmeta>
		<wp:meta_key><![CDATA[_wp_attached_file]]></wp:meta_key>
		<wp:meta_value><![CDATA[2024/02/Screenshot-2024-02-12-180921.png]]></wp:meta_value>
		</wp:postmeta>
							<wp:postmeta>
		<wp:meta_key><![CDATA[_wp_attachment_metadata]]></wp:meta_key>
		<wp:meta_value><![CDATA[a:6:{s:5:"width";i:1895;s:6:"height";i:896;s:4:"file";s:40:"2024/02/Screenshot-2024-02-12-180921.png";s:8:"filesize";i:584865;s:5:"sizes";a:0:{}s:10:"image_meta";a:12:{s:8:"aperture";s:1:"0";s:6:"credit";s:0:"";s:6:"camera";s:0:"";s:7:"caption";s:0:"";s:17:"created_timestamp";s:1:"0";s:9:"copyright";s:0:"";s:12:"focal_length";s:1:"0";s:3:"iso";s:1:"0";s:13:"shutter_speed";s:1:"0";s:5:"title";s:0:"";s:11:"orientation";s:1:"0";s:8:"keywords";a:0:{}}}]]></wp:meta_value>
		</wp:postmeta>
							<wp:postmeta>
		<wp:meta_key><![CDATA[_wp_attachment_image_alt]]></wp:meta_key>
		<wp:meta_value><![CDATA[Web Homepage]]></wp:meta_value>
		</wp:postmeta>
							</item>
					<item>
		<title><![CDATA[Hello world!]]></title>
		<link>http://localhost/wordpress/wordpress/?p=1</link>
		<pubDate>Mon, 08 Jan 2024 18:05:22 +0000</pubDate>
		<dc:creator><![CDATA[alish]]></dc:creator>
		<guid isPermaLink="false">http://localhost/wordpress/wordpress/?p=1</guid>
		<description></description>
		<content:encoded><![CDATA[<!-- wp:paragraph -->
<p>Welcome to WordPress. This is your first post. Edit or delete it, then start writing!</p>
<!-- /wp:paragraph -->]]></content:encoded>
		<excerpt:encoded><![CDATA[]]></excerpt:encoded>
		<wp:post_id>1</wp:post_id>
		<wp:post_date><![CDATA[2024-01-08 18:05:22]]></wp:post_date>
		<wp:post_date_gmt><![CDATA[2024-01-08 18:05:22]]></wp:post_date_gmt>
		<wp:post_modified><![CDATA[2024-02-12 22:55:24]]></wp:post_modified>
		<wp:post_modified_gmt><![CDATA[2024-02-12 22:55:24]]></wp:post_modified_gmt>
		<wp:comment_status><![CDATA[open]]></wp:comment_status>
		<wp:ping_status><![CDATA[open]]></wp:ping_status>
		<wp:post_name><![CDATA[hello-world__trashed]]></wp:post_name>
		<wp:status><![CDATA[trash]]></wp:status>
		<wp:post_parent>0</wp:post_parent>
		<wp:menu_order>0</wp:menu_order>
		<wp:post_type><![CDATA[post]]></wp:post_type>
		<wp:post_password><![CDATA[]]></wp:post_password>
		<wp:is_sticky>0</wp:is_sticky>
										<category domain="category" nicename="uncategorized"><![CDATA[Uncategorized]]></category>
						<wp:postmeta>
		<wp:meta_key><![CDATA[_wp_trash_meta_status]]></wp:meta_key>
		<wp:meta_value><![CDATA[publish]]></wp:meta_value>
		</wp:postmeta>
							<wp:postmeta>
		<wp:meta_key><![CDATA[_wp_trash_meta_time]]></wp:meta_key>
		<wp:meta_value><![CDATA[1707778524]]></wp:meta_value>
		</wp:postmeta>
							<wp:postmeta>
		<wp:meta_key><![CDATA[_wp_desired_post_slug]]></wp:meta_key>
		<wp:meta_value><![CDATA[hello-world]]></wp:meta_value>
		</wp:postmeta>
							<wp:postmeta>
		<wp:meta_key><![CDATA[_wp_trash_meta_comments_status]]></wp:meta_key>
		<wp:meta_value><![CDATA[a:1:{i:1;s:1:"1";}]]></wp:meta_value>
		</wp:postmeta>
							<wp:comment>
			<wp:comment_id>1</wp:comment_id>
			<wp:comment_author><![CDATA[A WordPress Commenter]]></wp:comment_author>
			<wp:comment_author_email><![CDATA[wapuu@wordpress.example]]></wp:comment_author_email>
			<wp:comment_author_url>https://wordpress.org/</wp:comment_author_url>
			<wp:comment_author_IP><![CDATA[]]></wp:comment_author_IP>
			<wp:comment_date><![CDATA[2024-01-08 18:05:22]]></wp:comment_date>
			<wp:comment_date_gmt><![CDATA[2024-01-08 18:05:22]]></wp:comment_date_gmt>
			<wp:comment_content><![CDATA[Hi, this is a comment.
To get started with moderating, editing, and deleting comments, please visit the Comments screen in the dashboard.
Commenter avatars come from <a href="https://en.gravatar.com/">Gravatar</a>.]]></wp:comment_content>
			<wp:comment_approved><![CDATA[post-trashed]]></wp:comment_approved>
			<wp:comment_type><![CDATA[comment]]></wp:comment_type>
			<wp:comment_parent>0</wp:comment_parent>
			<wp:comment_user_id>0</wp:comment_user_id>
							</wp:comment>
					</item>
					<item>
		<title><![CDATA[Navigation]]></title>
		<link>http://localhost/wordpress/wordpress/navigation/</link>
		<pubDate>Mon, 08 Jan 2024 18:05:23 +0000</pubDate>
		<dc:creator><![CDATA[]]></dc:creator>
		<guid isPermaLink="false">http://localhost/wordpress/wordpress/2024/01/08/navigation/</guid>
		<description></description>
		<content:encoded><![CDATA[<!-- wp:page-list /-->]]></content:encoded>
		<excerpt:encoded><![CDATA[]]></excerpt:encoded>
		<wp:post_id>4</wp:post_id>
		<wp:post_date><![CDATA[2024-01-08 18:05:23]]></wp:post_date>
		<wp:post_date_gmt><![CDATA[2024-01-08 18:05:23]]></wp:post_date_gmt>
		<wp:post_modified><![CDATA[2024-01-08 18:05:23]]></wp:post_modified>
		<wp:post_modified_gmt><![CDATA[2024-01-08 18:05:23]]></wp:post_modified_gmt>
		<wp:comment_status><![CDATA[closed]]></wp:comment_status>
		<wp:ping_status><![CDATA[closed]]></wp:ping_status>
		<wp:post_name><![CDATA[navigation]]></wp:post_name>
		<wp:status><![CDATA[publish]]></wp:status>
		<wp:post_parent>0</wp:post_parent>
		<wp:menu_order>0</wp:menu_order>
		<wp:post_type><![CDATA[wp_navigation]]></wp:post_type>
		<wp:post_password><![CDATA[]]></wp:post_password>
		<wp:is_sticky>0</wp:is_sticky>
														</item>
					<item>
		<title><![CDATA[Custom Styles]]></title>
		<link>http://localhost/wordpress/wordpress/wp-global-styles-astra/</link>
		<pubDate>Mon, 15 Jan 2024 17:57:59 +0000</pubDate>
		<dc:creator><![CDATA[alish]]></dc:creator>
		<guid isPermaLink="false">http://localhost/wordpress/wordpress/wp-global-styles-astra/</guid>
		<description></description>
		<content:encoded><![CDATA[{"version": 2, "isGlobalStylesUserThemeJSON": true }]]></content:encoded>
		<excerpt:encoded><![CDATA[]]></excerpt:encoded>
		<wp:post_id>7</wp:post_id>
		<wp:post_date><![CDATA[2024-01-15 17:57:59]]></wp:post_date>
		<wp:post_date_gmt><![CDATA[2024-01-15 17:57:59]]></wp:post_date_gmt>
		<wp:post_modified><![CDATA[2024-01-15 17:57:59]]></wp:post_modified>
		<wp:post_modified_gmt><![CDATA[2024-01-15 17:57:59]]></wp:post_modified_gmt>
		<wp:comment_status><![CDATA[closed]]></wp:comment_status>
		<wp:ping_status><![CDATA[closed]]></wp:ping_status>
		<wp:post_name><![CDATA[wp-global-styles-astra]]></wp:post_name>
		<wp:status><![CDATA[publish]]></wp:status>
		<wp:post_parent>0</wp:post_parent>
		<wp:menu_order>0</wp:menu_order>
		<wp:post_type><![CDATA[wp_global_styles]]></wp:post_type>
		<wp:post_password><![CDATA[]]></wp:post_password>
		<wp:is_sticky>0</wp:is_sticky>
										<category domain="wp_theme" nicename="astra"><![CDATA[astra]]></category>
						</item>
					<item>
		<title><![CDATA[Custom Styles]]></title>
		<link>http://localhost/wordpress/wordpress/wp-global-styles-twentytwentyfour/</link>
		<pubDate>Sat, 27 Jan 2024 02:50:47 +0000</pubDate>
		<dc:creator><![CDATA[alish]]></dc:creator>
		<guid isPermaLink="false">http://localhost/wordpress/wordpress/wp-global-styles-twentytwentyfour/</guid>
		<description></description>
		<content:encoded><![CDATA[{"version": 2, "isGlobalStylesUserThemeJSON": true }]]></content:encoded>
		<excerpt:encoded><![CDATA[]]></excerpt:encoded>
		<wp:post_id>19</wp:post_id>
		<wp:post_date><![CDATA[2024-01-27 02:50:47]]></wp:post_date>
		<wp:post_date_gmt><![CDATA[2024-01-27 02:50:47]]></wp:post_date_gmt>
		<wp:post_modified><![CDATA[2024-01-27 02:50:47]]></wp:post_modified>
		<wp:post_modified_gmt><![CDATA[2024-01-27 02:50:47]]></wp:post_modified_gmt>
		<wp:comment_status><![CDATA[closed]]></wp:comment_status>
		<wp:ping_status><![CDATA[closed]]></wp:ping_status>
		<wp:post_name><![CDATA[wp-global-styles-twentytwentyfour]]></wp:post_name>
		<wp:status><![CDATA[publish]]></wp:status>
		<wp:post_parent>0</wp:post_parent>
		<wp:menu_order>0</wp:menu_order>
		<wp:post_type><![CDATA[wp_global_styles]]></wp:post_type>
		<wp:post_password><![CDATA[]]></wp:post_password>
		<wp:is_sticky>0</wp:is_sticky>
										<category domain="wp_theme" nicename="twentytwentyfour"><![CDATA[twentytwentyfour]]></category>
						</item>
					<item>
		<title><![CDATA[Future Goals]]></title>
		<link>http://localhost/wordpress/wordpress/future-goals/</link>
		<pubDate>Mon, 12 Feb 2024 23:18:00 +0000</pubDate>
		<dc:creator><![CDATA[alish]]></dc:creator>
		<guid isPermaLink="false">http://localhost/wordpress/wordpress/?p=51</guid>
		<description></description>
		<content:encoded><![CDATA[My future goal is to learn more in-depth about web-programming, I want to go a bit deeper into the developmental world, I am just curious how it all works and how it is able to sustain. My goal is also to land a job as a developer and help in the development field.]]></content:encoded>
		<excerpt:encoded><![CDATA[]]></excerpt:encoded>
		<wp:post_id>51</wp:post_id>
		<wp:post_date><![CDATA[2024-02-12 23:18:00]]></wp:post_date>
		<wp:post_date_gmt><![CDATA[2024-02-12 23:18:00]]></wp:post_date_gmt>
		<wp:post_modified><![CDATA[2024-02-12 23:18:54]]></wp:post_modified>
		<wp:post_modified_gmt><![CDATA[2024-02-12 23:18:54]]></wp:post_modified_gmt>
		<wp:comment_status><![CDATA[open]]></wp:comment_status>
		<wp:ping_status><![CDATA[open]]></wp:ping_status>
		<wp:post_name><![CDATA[future-goals]]></wp:post_name>
		<wp:status><![CDATA[publish]]></wp:status>
		<wp:post_parent>0</wp:post_parent>
		<wp:menu_order>0</wp:menu_order>
		<wp:post_type><![CDATA[post]]></wp:post_type>
		<wp:post_password><![CDATA[]]></wp:post_password>
		<wp:is_sticky>0</wp:is_sticky>
										<category domain="category" nicename="futuregoals"><![CDATA[Future Goals]]></category>
						<wp:postmeta>
		<wp:meta_key><![CDATA[_edit_last]]></wp:meta_key>
		<wp:meta_value><![CDATA[1]]></wp:meta_value>
		</wp:postmeta>
							<wp:postmeta>
		<wp:meta_key><![CDATA[homepage]]></wp:meta_key>
		<wp:meta_value><![CDATA[]]></wp:meta_value>
		</wp:postmeta>
							<wp:postmeta>
		<wp:meta_key><![CDATA[_homepage]]></wp:meta_key>
		<wp:meta_value><![CDATA[field_65ca8a9773b34]]></wp:meta_value>
		</wp:postmeta>
							</item>
				</channel>
</rss>
	